Metric,VaR,ES
MSE,0.13864797353744507,0.4291192293167114
MAE,0.26708853244781494,0.4264719784259796
R²,0.6502505540847778,0.07135123014450073
