Metric,VaR,ES
MSE,0.2654739320278168,0.46568137407302856
MAE,0.43084201216697693,0.5952330827713013
R²,0.3937261700630188,0.08764082193374634
