Metric,VaR,ES
MSE,0.14778566360473633,0.7229334712028503
MAE,0.29492777585983276,0.6367443203926086
R²,0.7449322938919067,-0.07041311264038086
