Metric,VaR,ES
MSE,0.14686402678489685,0.2968428432941437
MAE,0.3091641068458557,0.4557968080043793
R²,-0.342182993888855,-1.3273026943206787
