Metric,VaR,ES
MSE,0.208261176943779,0.40999871492385864
MAE,0.36228853464126587,0.5450616478919983
R²,0.37418174743652344,-0.056945204734802246
