Metric,VaR,ES
MSE,0.14180555939674377,0.4482388198375702
MAE,0.30220460891723633,0.4631907343864441
R²,0.7233554124832153,0.24981480836868286
